{"pitch": {"gaming": [822.393505859375, 1737.9001586914062, 844.620166015625, 1536.3027465820312, 753.7550231933594, 1222.6377807617187, 942.9075561523438, 1362.5288818359375, 1300.5007934570312, 720.8314636230468, 1299.111001586914, 1172.2080505371093, 859.1845306396484, 1000.7896240234375, 368.45826416015626, 1250.131298828125, 596.0542419433593, 1214.9221618652343, 1635.8638549804687, 971.8217651367188, 193.71527099609375], "true_crime": [1770.158935546875, 538.2239868164063, 1441.1790283203125, 779.3502197265625, 658.283935546875, 698.2291259765625, 596.4022888183594, 878.6120056152344, 927.9669921875, 829.9297607421875, 768.5673767089844, 1531.3930419921876, 1040.7253662109374, 818.2478393554687, 1135.5392944335938, 652.0343322753906, 896.7874145507812, 540.0036560058594, 1128.7356048583983, 931.95087890625, 714.0975524902344], "business": [1138.7865478515625, 702.2499969482421, 623.3478515625, 979.9849853515625, 608.5334503173829, 791.531494140625, 545.4086456298828, 754.20146484375, 512.0488098144531, 637.5027862548828, 1451.1110412597657, 572.2640319824219, 886.6958953857422, 439.72064208984375, 806.7145538330078, 1449.4246704101563, 416.1315887451172, 1649.884375, 924.6155426025391, 1282.1068542480468, 114.6251953125], "science": [927.26884765625, 1299.7559692382813, 1015.8695129394531, 1138.7628173828125, 1310.032568359375, 847.6466674804688, 727.2853210449218, 994.9046264648438, 297.4879089355469, 877.04375, 1749.834765625, 747.5274719238281, 1609.18388671875, 804.5460754394531, 816.4756591796875, 733.8894470214843, 1113.4962951660157, 739.6139831542969, 1220.9863220214843, 680.7304016113281, 404.8634033203125], "self_help": [760.3364532470703, 1256.5824951171876, 1495.64580078125, 1259.1582885742187, 963.6865844726562, 1385.606982421875, 626.2603057861328, 953.7276184082032, 594.2678527832031, 1257.7717651367188, 584.1730041503906, 518.0507934570312, 785.7875915527344, 481.5038696289063, 564.2250427246094, 1024.7643310546875, 1013.3215637207031, 642.313833618164, 548.6223815917969, 823.7964782714844, 316.3597778320312], "comedy": [1271.1231658935546, 1213.6355529785155, 1229.3795043945313, 1368.6417602539063, 788.5566650390625, 1271.0925903320312, 1113.8566284179688, 1165.1921691894531, 1359.9847900390625, 841.1609252929687, 497.46112365722655, 994.1571166992187, 1408.0733154296875, 799.5830322265625, 993.682666015625, 941.2590087890625, 952.0830688476562, 1114.9387329101562, 1257.665869140625, 873.3965393066406, 0.0], "sports": [1327.6412353515625, 1611.2084228515625, 1431.7091796875, 1457.668896484375, 879.4358215332031, 1081.8289428710937, 1768.0720703125, 1508.2694030761718, 1103.686376953125, 1128.1704956054687, 1201.1026733398437, 1261.0353515625, 1396.2083984375, 607.1634765625, 893.7736877441406, 568.8092224121094, 924.6797180175781, 964.4973754882812, 1070.1879638671876, 1208.582940673828, 372.763232421875]}, "volume": {}}